{
  "Linear Regression": {
    "validation": {
      "MAE": 1.534198345307481,
      "RMSE": 2.4984681200870424,
      "R2": 0.9703283498832226
    },
    "test": {
      "MAE": 1.5466929382284849,
      "RMSE": 2.550784420271331,
      "R2": 0.9691529563257646
    },
    "cross_val": {
      "MAE": {
        "mean": -1.6350698609476457,
        "std": 0.06205559719708009,
        "all_scores": [
          -1.602745757219257,
          -1.718973610013025,
          -1.5474296342254537,
          -1.6907751222674736,
          -1.6154251810130185
        ]
      },
      "RMSE": {
        "mean": -2.623535727779184,
        "std": 0.18035039850379517,
        "all_scores": [
          -2.605730918750915,
          -2.6874539082944167,
          -2.326341090723724,
          -2.8876101703775205,
          -2.610542550749344
        ]
      },
      "R2": {
        "mean": 0.9652980382938452,
        "std": 0.004504548628009159,
        "all_scores": [
          0.9733808828961491,
          0.9617326852976945,
          0.9649443054767045,
          0.9659195921171083,
          0.9605127256815693
        ]
      }
    }
  },
  "Random Forest": {
    "validation": {
      "MAE": 1.2343116872428646,
      "RMSE": 1.948638290336324,
      "R2": 0.9819508589532454
    },
    "test": {
      "MAE": 1.2435125207086688,
      "RMSE": 1.9808405916054712,
      "R2": 0.9813977665203022
    },
    "cross_val": {
      "MAE": {
        "mean": -1.2831972308006547,
        "std": 0.12884948720139164,
        "all_scores": [
          -1.2259006753788926,
          -1.3965759143324956,
          -1.0660553413731857,
          -1.4218330798092405,
          -1.30562114310946
        ]
      },
      "RMSE": {
        "mean": -2.0238315984510544,
        "std": 0.19593439222081158,
        "all_scores": [
          -1.9974756865775831,
          -2.157031574052084,
          -1.6760838972779886,
          -2.2528394343849856,
          -2.0357273999626315
        ]
      },
      "R2": {
        "mean": 0.979350425577587,
        "std": 0.003418421030904291,
        "all_scores": [
          0.9843578114004478,
          0.9753476148985329,
          0.9818028531624271,
          0.9792562085550303,
          0.975987639871497
        ]
      }
    },
    "tuned": {
      "params": {
        "n_estimators": 100,
        "min_samples_split": 10,
        "max_depth": 8
      },
      "cv_score": -1.241972859339506
    }
  },
  "XGBoost": {
    "validation": {
      "MAE": 0.5000017285346985,
      "RMSE": 0.6970670828793892,
      "R2": 0.9976903796195984
    },
    "test": {
      "MAE": 0.5040773153305054,
      "RMSE": 0.706849891628158,
      "R2": 0.9976312518119812
    },
    "cross_val": {
      "MAE": {
        "mean": -0.5035095274448395,
        "std": 0.024379046232992998,
        "all_scores": [
          -0.507225751876831,
          -0.5105631351470947,
          -0.4657150208950043,
          -0.5406283736228943,
          -0.49341535568237305
        ]
      },
      "RMSE": {
        "mean": -0.6882493899960312,
        "std": 0.037312041465526066,
        "all_scores": [
          -0.7057420558151263,
          -0.6966707914023453,
          -0.6308143056354024,
          -0.7413492387853758,
          -0.6666705583419062
        ]
      },
      "R2": {
        "mean": 0.9976153254508973,
        "std": 0.0002506997417372569,
        "all_scores": [
          0.9980473518371582,
          0.9974284172058105,
          0.9974223971366882,
          0.9977536797523499,
          0.9974247813224792
        ]
      }
    },
    "tuned": {
      "params": {
        "subsample": 0.7,
        "n_estimators": 70,
        "max_depth": 3,
        "learning_rate": 0.1
      },
      "cv_score": -1.0398760437965393
    }
  },
  "MLP Regressor": {
    "validation": {
      "MAE": 0.3795937229778457,
      "RMSE": 0.5013074591298888,
      "R2": 0.9988054552938818
    },
    "test": {
      "MAE": 0.3810628066034341,
      "RMSE": 0.515318441655967,
      "R2": 0.9987410241295702
    },
    "cross_val": {
      "MAE": {
        "mean": -0.3583885772949643,
        "std": 0.015986072928760822,
        "all_scores": [
          -0.332030562933906,
          -0.3506971337185275,
          -0.3634441302163593,
          -0.36664103087641203,
          -0.379130028729617
        ]
      },
      "RMSE": {
        "mean": -0.46844528379068484,
        "std": 0.02628618344100145,
        "all_scores": [
          -0.42301726977740756,
          -0.47129711759250315,
          -0.47509185688875144,
          -0.4677910847071096,
          -0.5050290899876525
        ]
      },
      "R2": {
        "mean": 0.9988574530046039,
        "std": 0.0003071684185649996,
        "all_scores": [
          0.9992984627916366,
          0.998823110993114,
          0.998537934041607,
          0.9991056005167123,
          0.9985221566799497
        ]
      }
    }
  },
  "timestamp": "2025-10-16 14:10:40",
  "Logistic Regression (Classifier)": {
    "validation": {
      "Accuracy": 0.9732258009045105,
      "Precision": 0.9732195652027565,
      "Recall": 0.9732258009045105,
      "F1-score": 0.9732161807784295
    },
    "test": {
      "Accuracy": 0.9736208556885404,
      "Precision": 0.973629259008394,
      "Recall": 0.9736208556885404,
      "F1-score": 0.9736238138609302
    }
  },
  "Random Forest (Classifier)": {
    "validation": {
      "Accuracy": 0.9347927020102145,
      "Precision": 0.9366505562894871,
      "Recall": 0.9347927020102145,
      "F1-score": 0.935190017085741
    },
    "test": {
      "Accuracy": 0.9322981152840831,
      "Precision": 0.934503319346251,
      "Recall": 0.9322981152840831,
      "F1-score": 0.9327439344516352
    }
  },
  "MLP Classifier": {
    "validation": {
      "Accuracy": 0.9837325675373584,
      "Precision": 0.9838129790616695,
      "Recall": 0.9837325675373584,
      "F1-score": 0.9837132247648571
    },
    "test": {
      "Accuracy": 0.9837666804237172,
      "Precision": 0.9838326341736621,
      "Recall": 0.9837666804237172,
      "F1-score": 0.9837452004132163
    }
  }
}