{
  "Linear Regression": {
    "validation": {
      "MAE": 1.561659731692155,
      "RMSE": 2.5529533232264456,
      "R2": 0.9686335626193538
    },
    "test": {
      "MAE": 1.588173736296439,
      "RMSE": 2.701649170968916,
      "R2": 0.9668557349384532
    },
    "cross_val": {
      "MAE": {
        "mean": -1.5757993109858697,
        "std": 0.04059647783032505,
        "all_scores": [
          -1.51039584811583,
          -1.595709865861771,
          -1.5737722924493578,
          -1.634438683631192,
          -1.5646798648711977
        ]
      },
      "RMSE": {
        "mean": -2.603394103743324,
        "std": 0.13652428875025438,
        "all_scores": [
          -2.4313361857077482,
          -2.682458369658111,
          -2.5522965401889075,
          -2.82434777310188,
          -2.5265316500599715
        ]
      },
      "R2": {
        "mean": 0.9678595581736479,
        "std": 0.002121855573649563,
        "all_scores": [
          0.971519848380916,
          0.9666777114951645,
          0.9676098020007811,
          0.9651372705300648,
          0.9683531584613133
        ]
      }
    }
  },
  "Random Forest": {
    "validation": {
      "MAE": 1.2092273277158567,
      "RMSE": 2.0011870266209977,
      "R2": 0.9807267567545118
    },
    "test": {
      "MAE": 1.2181856139160459,
      "RMSE": 2.0340055796154823,
      "R2": 0.981213115331053
    },
    "cross_val": {
      "MAE": {
        "mean": -1.2337108495001707,
        "std": 0.030273460006462864,
        "all_scores": [
          -1.18038311350719,
          -1.2271016510146384,
          -1.245760655007883,
          -1.2718511847407388,
          -1.2434576432304039
        ]
      },
      "RMSE": {
        "mean": -2.065667286356405,
        "std": 0.08394576487133039,
        "all_scores": [
          -1.9081797037257973,
          -2.050090499167575,
          -2.1214090539703356,
          -2.1143275608532677,
          -2.13432961406505
        ]
      },
      "R2": {
        "mean": 0.9796991403397076,
        "std": 0.0019191893926792025,
        "all_scores": [
          0.9824575271176096,
          0.9805367704484947,
          0.9776230868948489,
          0.9804624733385815,
          0.9774158438990037
        ]
      }
    },
    "tuned": {
      "params": {
        "n_estimators": 100,
        "min_samples_split": 10,
        "max_depth": 8
      },
      "cv_score": -1.2639940275409889
    }
  },
  "XGBoost": {
    "validation": {
      "MAE": 0.6187868118286133,
      "RMSE": 1.024338129391311,
      "R2": 0.9949502944946289
    },
    "test": {
      "MAE": 0.658806562423706,
      "RMSE": 1.2283843293251573,
      "R2": 0.9931479692459106
    },
    "cross_val": {
      "MAE": {
        "mean": -0.6308816194534301,
        "std": 0.02079917884334141,
        "all_scores": [
          -0.6021007299423218,
          -0.6282101273536682,
          -0.6158391833305359,
          -0.6509357690811157,
          -0.6573222875595093
        ]
      },
      "RMSE": {
        "mean": -1.1614767250756932,
        "std": 0.11836253386057471,
        "all_scores": [
          -1.019724977291492,
          -1.2988709406858583,
          -1.0236212296131721,
          -1.2638986375220822,
          -1.2012678402658612
        ]
      },
      "R2": {
        "mean": 0.9935663938522339,
        "std": 0.0011176705322904208,
        "all_scores": [
          0.9949902296066284,
          0.9921873211860657,
          0.9947900772094727,
          0.9930185079574585,
          0.9928458333015442
        ]
      }
    },
    "tuned": {
      "params": {
        "subsample": 0.7,
        "n_estimators": 70,
        "max_depth": 3,
        "learning_rate": 0.1
      },
      "cv_score": -1.154120683670044
    }
  },
  "MLP Regressor": {
    "validation": {
      "MAE": 0.8564410501865003,
      "RMSE": 1.1265580534226276,
      "R2": 0.9938921748176648
    },
    "test": {
      "MAE": 0.8598483823041015,
      "RMSE": 1.176976326767525,
      "R2": 0.9937094887290027
    },
    "cross_val": {
      "MAE": {
        "mean": -0.8842214125206012,
        "std": 0.17992579303092995,
        "all_scores": [
          -0.7105273502792843,
          -0.9438243092245139,
          -0.6399559273842825,
          -1.1096001202462058,
          -1.0171993554687189
        ]
      },
      "RMSE": {
        "mean": -1.2533800610503076,
        "std": 0.21426658048547714,
        "all_scores": [
          -1.140009184180848,
          -1.2632058382419227,
          -0.9193592420208329,
          -1.5403519556974452,
          -1.4039740851104903
        ]
      },
      "R2": {
        "mean": 0.9924008885010915,
        "std": 0.002270176310957962,
        "all_scores": [
          0.9937386357429889,
          0.9926104653947514,
          0.9957973634636186,
          0.9896303291753566,
          0.9902276487287416
        ]
      }
    }
  },
  "timestamp": "2025-10-14 17:19:45",
  "Logistic Regression (Classifier)": {
    "validation": {
      "Accuracy": 0.9693333333333334,
      "Precision": 0.9693621338239585,
      "Recall": 0.9693333333333334,
      "F1-score": 0.9693444368064034
    },
    "test": {
      "Accuracy": 0.969,
      "Precision": 0.9689655120811209,
      "Recall": 0.969,
      "F1-score": 0.9689688389700405
    }
  },
  "Random Forest (Classifier)": {
    "validation": {
      "Accuracy": 0.932,
      "Precision": 0.9332346926056835,
      "Recall": 0.932,
      "F1-score": 0.9323442017048903
    },
    "test": {
      "Accuracy": 0.936,
      "Precision": 0.9368104397754179,
      "Recall": 0.936,
      "F1-score": 0.9362390031014869
    }
  },
  "MLP Classifier": {
    "validation": {
      "Accuracy": 0.9756666666666667,
      "Precision": 0.9760640695104142,
      "Recall": 0.9756666666666667,
      "F1-score": 0.9757361891424371
    },
    "test": {
      "Accuracy": 0.9756666666666667,
      "Precision": 0.976169002538014,
      "Recall": 0.9756666666666667,
      "F1-score": 0.9757398523545997
    }
  }
}