{
  "Linear Regression": {
    "validation": {
      "MAE": 1.561659731692155,
      "RMSE": 2.5529533232264456,
      "R2": 0.9686335626193538
    },
    "test": {
      "MAE": 1.588173736296439,
      "RMSE": 2.701649170968916,
      "R2": 0.9668557349384532
    },
    "cross_val": {
      "MAE": {
        "mean": -1.5757993109858697,
        "std": 0.04059647783032505,
        "all_scores": [
          -1.51039584811583,
          -1.595709865861771,
          -1.5737722924493578,
          -1.634438683631192,
          -1.5646798648711977
        ]
      },
      "RMSE": {
        "mean": -2.603394103743324,
        "std": 0.13652428875025438,
        "all_scores": [
          -2.4313361857077482,
          -2.682458369658111,
          -2.5522965401889075,
          -2.82434777310188,
          -2.5265316500599715
        ]
      },
      "R2": {
        "mean": 0.9678595581736479,
        "std": 0.002121855573649563,
        "all_scores": [
          0.971519848380916,
          0.9666777114951645,
          0.9676098020007811,
          0.9651372705300648,
          0.9683531584613133
        ]
      }
    }
  },
  "Random Forest": {
    "validation": {
      "MAE": 0.7825919611282149,
      "RMSE": 1.4670319356720114,
      "R2": 0.9896424132069814
    },
    "test": {
      "MAE": 0.8135624902890076,
      "RMSE": 1.5336598993516533,
      "R2": 0.9893190811895254
    },
    "cross_val": {
      "MAE": {
        "mean": -0.7975417169937635,
        "std": 0.028464706830077034,
        "all_scores": [
          -0.7438656085654138,
          -0.7971788615866133,
          -0.8048689664902579,
          -0.8244514932059872,
          -0.8173436551205451
        ]
      },
      "RMSE": {
        "mean": -1.5251807107332167,
        "std": 0.10392613755369147,
        "all_scores": [
          -1.3300789848911905,
          -1.5389240426387154,
          -1.566495927042941,
          -1.549177008471403,
          -1.6412275906218339
        ]
      },
      "R2": {
        "mean": 0.9888929734554338,
        "std": 0.0016324774610623086,
        "all_scores": [
          0.991476712598528,
          0.9890326119949621,
          0.9877985939738002,
          0.9895111680423466,
          0.9866457806675327
        ]
      }
    },
    "tuned": {
      "params": {
        "n_estimators": 200,
        "min_samples_split": 5,
        "max_depth": 30
      },
      "cv_score": -0.8420967268367149
    }
  },
  "XGBoost": {
    "validation": {
      "MAE": 0.5614957809448242,
      "RMSE": 1.015500163695765,
      "R2": 0.9950370788574219
    },
    "test": {
      "MAE": 0.5948715209960938,
      "RMSE": 1.2462922419483715,
      "R2": 0.9929467439651489
    },
    "cross_val": {
      "MAE": {
        "mean": -0.571329653263092,
        "std": 0.02412066228855323,
        "all_scores": [
          -0.5283060073852539,
          -0.5668879151344299,
          -0.5750617384910583,
          -0.5873636603355408,
          -0.5990289449691772
        ]
      },
      "RMSE": {
        "mean": -1.1264307097756594,
        "std": 0.12353886476557863,
        "all_scores": [
          -0.9262128379254957,
          -1.1384327344561678,
          -1.0668872125928899,
          -1.219976932432628,
          -1.2806438314711166
        ]
      },
      "R2": {
        "mean": 0.9939139604568481,
        "std": 0.001293030235659563,
        "all_scores": [
          0.9958668947219849,
          0.9939981698989868,
          0.9943403601646423,
          0.9934952855110168,
          0.9918690919876099
        ]
      }
    },
    "tuned": {
      "params": {
        "subsample": 0.8,
        "n_estimators": 300,
        "max_depth": 6,
        "learning_rate": 0.2
      },
      "cv_score": -0.6750025550524393
    }
  },
  "MLP Regressor": {
    "validation": {
      "MAE": 0.860347949630693,
      "RMSE": 1.1228601133406433,
      "R2": 0.9939322070227902
    },
    "test": {
      "MAE": 0.8402203671342818,
      "RMSE": 1.1631963162278078,
      "R2": 0.993855924755948
    },
    "cross_val": {
      "MAE": {
        "mean": -0.9074575124046949,
        "std": 0.23359752317325555,
        "all_scores": [
          -0.7249439297640894,
          -0.8007067502751603,
          -0.6787778465107608,
          -1.022026102931025,
          -1.3108329325424388
        ]
      },
      "RMSE": {
        "mean": -1.2007282527189365,
        "std": 0.25071705027915897,
        "all_scores": [
          -1.05600953831433,
          -1.1007498876497386,
          -0.9136282977699282,
          -1.2941078004220483,
          -1.6391457394386377
        ]
      },
      "R2": {
        "mean": 0.9928452551540398,
        "std": 0.003244279756044574,
        "all_scores": [
          0.9946273573990986,
          0.9943889241633227,
          0.9958495955093492,
          0.9926807606125015,
          0.9866796380859271
        ]
      }
    }
  },
  "timestamp": "2025-10-13 23:20:14",
  "Logistic Regression (Classifier)": {
    "validation": {
      "Accuracy": 0.9783333333333334,
      "Precision": 0.9783404928454268,
      "Recall": 0.9783333333333334,
      "F1-score": 0.9783341453361492
    },
    "test": {
      "Accuracy": 0.9786666666666667,
      "Precision": 0.9786810461690225,
      "Recall": 0.9786666666666667,
      "F1-score": 0.9786662967986504
    }
  },
  "Random Forest (Classifier)": {
    "validation": {
      "Accuracy": 0.9663333333333334,
      "Precision": 0.9663988576672233,
      "Recall": 0.9663333333333334,
      "F1-score": 0.9661040311563638
    },
    "test": {
      "Accuracy": 0.958,
      "Precision": 0.9580885063349875,
      "Recall": 0.958,
      "F1-score": 0.9575979051758121
    }
  },
  "MLP Classifier": {
    "validation": {
      "Accuracy": 0.9663333333333334,
      "Precision": 0.9683089484985732,
      "Recall": 0.9663333333333334,
      "F1-score": 0.966794006491753
    },
    "test": {
      "Accuracy": 0.9686666666666667,
      "Precision": 0.9706365630455851,
      "Recall": 0.9686666666666667,
      "F1-score": 0.9691254297498426
    }
  }
}